Date,Cases,Hospitalizations,Deaths
2020-03-01,14,NA,0
2020-03-02,13,NA,1
2020-03-03,22,NA,0
2020-03-04,24,NA,1
2020-03-05,26,NA,0
2020-03-06,42,NA,0
2020-03-07,48,NA,0
2020-03-08,64,NA,0
2020-03-09,123,NA,0
2020-03-10,156,NA,0
2020-03-11,202,NA,0
2020-03-12,273,NA,1
2020-03-13,365,NA,0
2020-03-14,374,NA,0
2020-03-15,470,NA,1
2020-03-16,706,NA,1
2020-03-17,763,NA,0
2020-03-18,870,NA,3
2020-03-19,755,NA,5
2020-03-20,945,NA,4
2020-03-21,784,NA,9
2020-03-22,797,NA,13
2020-03-23,1233,NA,21
2020-03-24,1080,NA,29
2020-03-25,1152,NA,26
2020-03-26,1112,NA,52
2020-03-27,1247,NA,53
2020-03-28,1013,NA,70
2020-03-29,888,NA,70
2020-03-30,1508,NA,85
2020-03-31,1271,NA,116
2020-04-01,1554,NA,129
2020-04-02,1115,NA,126
2020-04-03,1211,NA,117
2020-04-04,985,NA,119
2020-04-05,882,NA,124
2020-04-06,1305,NA,143
2020-04-07,1167,NA,157
2020-04-08,1095,NA,152
2020-04-09,1030,NA,156
2020-04-10,1066,NA,166
2020-04-11,789,NA,166
2020-04-12,686,NA,170
2020-04-13,1067,NA,142
2020-04-14,943,NA,144
2020-04-15,954,NA,141
2020-04-16,940,NA,170
2020-04-17,869,NA,146
2020-04-18,712,NA,123
2020-04-19,530,NA,129
2020-04-20,938,NA,113
2020-04-21,1155,NA,124
2020-04-22,1128,NA,135
2020-04-23,973,NA,110
2020-04-24,1014,NA,115
2020-04-25,529,NA,117
2020-04-26,549,NA,108
2020-04-27,938,NA,111
2020-04-28,854,NA,104
2020-04-29,961,NA,87
2020-04-30,995,NA,104
2020-05-01,772,NA,85
2020-05-02,436,NA,62
2020-05-03,367,NA,68
2020-05-04,842,NA,85
2020-05-05,692,NA,59
2020-05-06,632,NA,57
2020-05-07,625,NA,93
2020-05-08,638,NA,60
2020-05-09,414,NA,46
2020-05-10,311,NA,47
2020-05-11,935,NA,56
2020-05-12,1593,NA,52
2020-05-13,803,NA,43
2020-05-14,587,NA,46
2020-05-15,639,NA,45
2020-05-16,346,NA,31
2020-05-17,266,NA,40
2020-05-18,546,NA,34
2020-05-19,782,NA,41
2020-05-20,555,NA,44
2020-05-21,478,NA,42
2020-05-22,474,NA,31
2020-05-23,238,NA,30
2020-05-24,169,NA,32
2020-05-25,192,NA,39
2020-05-26,464,NA,30
2020-05-27,393,NA,25
2020-05-28,352,NA,29
2020-05-29,340,NA,25
2020-05-30,214,NA,30
2020-05-31,265,NA,19
2020-06-01,302,NA,27
2020-06-02,319,NA,20
2020-06-03,262,NA,16
2020-06-04,285,NA,25
2020-06-05,301,NA,12
2020-06-06,168,NA,15
2020-06-07,137,NA,20
2020-06-08,346,NA,16
2020-06-09,240,NA,13
2020-06-10,254,NA,19
2020-06-11,246,NA,11
2020-06-12,259,NA,10
2020-06-13,167,NA,11
2020-06-14,128,NA,9
2020-06-15,245,NA,14
2020-06-16,272,NA,8
2020-06-17,328,NA,11
2020-06-18,251,NA,13
2020-06-19,319,NA,11
2020-06-20,213,NA,9
2020-06-21,240,NA,10
2020-06-22,446,NA,13
2020-06-23,477,NA,11
2020-06-24,484,NA,5
2020-06-25,424,NA,9
2020-06-26,434,NA,5
2020-06-27,324,NA,12
2020-06-28,334,NA,7
2020-06-29,568,NA,10
2020-06-30,562,NA,6
2020-07-01,649,NA,7
2020-07-02,596,NA,8
2020-07-03,514,NA,9
2020-07-04,371,NA,10
2020-07-05,464,NA,6
2020-07-06,816,NA,9
2020-07-07,747,NA,10
2020-07-08,832,NA,6
2020-07-09,708,NA,8
2020-07-10,673,NA,8
2020-07-11,490,NA,9
2020-07-12,469,NA,9
2020-07-13,879,NA,4
2020-07-14,831,NA,2
2020-07-15,874,NA,6
2020-07-16,721,NA,7
2020-07-17,626,NA,5
2020-07-18,496,NA,9
2020-07-19,435,NA,3
2020-07-20,849,NA,9
2020-07-21,743,NA,6
2020-07-22,819,NA,11
2020-07-23,722,NA,5
2020-07-24,701,NA,5
2020-07-25,514,NA,4
2020-07-26,435,NA,14
2020-07-27,781,NA,13
2020-07-28,774,NA,6
2020-07-29,779,NA,6
2020-07-30,718,NA,14
2020-07-31,797,NA,9
2020-08-01,601,NA,10
2020-08-02,500,NA,10
2020-08-03,798,NA,9
2020-08-04,861,32,6
2020-08-05,778,41,4
2020-08-06,737,30,5
2020-08-07,896,49,13
2020-08-08,596,43,10
2020-08-09,549,44,11
2020-08-10,908,54,3
2020-08-11,814,74,16
2020-08-12,962,63,10
2020-08-13,736,60,12
2020-08-14,735,64,11
2020-08-15,559,71,10
2020-08-16,508,69,8
2020-08-17,831,61,11
2020-08-18,798,60,10
2020-08-19,735,57,14
2020-08-20,931,51,11
2020-08-21,739,66,7
2020-08-22,561,49,6
2020-08-23,595,67,12
2020-08-24,839,38,8
2020-08-25,792,67,13
2020-08-26,681,63,10
2020-08-27,711,63,9
2020-08-28,734,59,11
2020-08-29,618,61,4
2020-08-30,539,55,8
2020-08-31,813,58,11
2020-09-01,914,60,13
2020-09-02,871,51,10
2020-09-03,793,51,11
2020-09-04,717,50,5
2020-09-05,563,65,8
2020-09-06,487,52,10
2020-09-07,585,51,8
2020-09-08,904,48,9
2020-09-09,932,58,5
2020-09-10,764,64,7
2020-09-11,849,53,8
2020-09-12,637,50,5
2020-09-13,640,46,8
2020-09-14,939,37,9
2020-09-15,907,70,10
2020-09-16,899,40,9
2020-09-17,809,47,14
2020-09-18,858,30,14
2020-09-19,592,33,8
2020-09-20,666,24,5
2020-09-21,1121,49,7
2020-09-22,1049,42,7
2020-09-23,1088,36,14
2020-09-24,993,32,11
2020-09-25,1006,53,12
2020-09-26,856,38,16
2020-09-27,825,46,12
2020-09-28,1252,48,9
2020-09-29,1069,77,15
2020-09-30,1098,64,10
2020-10-01,1082,64,16
2020-10-02,1094,64,11
2020-10-03,961,79,26
2020-10-04,905,60,14
2020-10-05,1618,84,13
2020-10-06,1544,113,14
2020-10-07,1621,87,13
2020-10-08,1768,87,13
2020-10-09,1579,81,18
2020-10-10,1339,80,19
2020-10-11,1232,90,8
2020-10-12,2084,80,23
2020-10-13,2012,108,21
2020-10-14,2109,103,20
2020-10-15,1858,116,17
2020-10-16,1849,128,22
2020-10-17,1633,118,26
2020-10-18,1525,94,24
2020-10-19,2813,93,22
2020-10-20,2670,134,29
2020-10-21,2752,139,22
2020-10-22,2830,161,24
2020-10-23,2803,159,30
2020-10-24,2400,174,28
2020-10-25,2195,163,23
2020-10-26,4200,180,24
2020-10-27,4069,233,24
2020-10-28,4212,257,33
2020-10-29,3911,264,24
2020-10-30,4102,280,36
2020-10-31,3138,275,36
2020-11-01,3413,255,34
2020-11-02,6634,232,37
2020-11-03,6237,291,35
2020-11-04,7004,291,47
2020-11-05,6802,331,52
2020-11-06,6628,329,59
2020-11-07,5131,389,60
2020-11-08,4695,337,55
2020-11-09,9228,341,60
2020-11-10,9774,386,68
2020-11-11,7925,378,69
2020-11-12,7969,358,59
2020-11-13,7419,417,69
2020-11-14,5230,405,63
2020-11-15,4248,344,88
2020-11-16,9281,348,69
2020-11-17,8301,452,96
2020-11-18,7628,475,97
2020-11-19,7147,475,93
2020-11-20,7012,490,85
2020-11-21,4700,488,114
2020-11-22,3972,393,97
2020-11-23,8918,515,119
2020-11-24,7535,626,111
2020-11-25,6844,541,95
2020-11-26,2693,554,89
2020-11-27,5967,509,116
2020-11-28,4580,546,105
2020-11-29,4136,495,109
2020-11-30,8503,419,122
2020-12-01,7509,527,130
2020-12-02,6787,496,113
2020-12-03,5942,474,109
2020-12-04,5425,455,139
2020-12-05,3888,465,145
2020-12-06,3232,374,126
2020-12-07,6269,360,130
2020-12-08,5081,454,161
2020-12-09,4974,455,140
2020-12-10,4231,468,115
2020-12-11,4192,431,131
2020-12-12,2760,418,134
2020-12-13,2442,377,125
2020-12-14,4423,371,126
2020-12-15,3973,424,116
2020-12-16,3733,393,125
2020-12-17,3239,351,142
2020-12-18,3532,358,125
2020-12-19,2209,336,106
2020-12-20,1930,286,118
2020-12-21,3733,313,125
2020-12-22,2892,359,93
2020-12-23,3005,342,108
2020-12-24,2077,315,99
2020-12-25,1377,306,99
2020-12-26,2634,253,99
2020-12-27,2393,264,97
2020-12-28,4504,265,98
2020-12-29,3468,337,84
2020-12-30,3303,299,89
2020-12-31,2640,310,79
2021-01-01,2207,236,99
2021-01-02,2963,258,77
2021-01-03,2642,245,84
2021-01-04,5167,230,74
2021-01-05,4670,337,78
2021-01-06,3794,331,66
2021-01-07,3537,307,87
2021-01-08,3337,299,95
2021-01-09,2329,328,67
2021-01-10,1974,257,86
2021-01-11,3356,222,75
2021-01-12,2989,294,73
2021-01-13,2903,247,65
2021-01-14,2777,262,63
2021-01-15,2962,254,66
2021-01-16,1757,257,65
2021-01-17,1614,191,64
2021-01-18,2628,216,45
2021-01-19,2615,229,70
2021-01-20,2592,205,53
2021-01-21,2319,223,65
2021-01-22,2399,214,58
2021-01-23,1560,203,52
2021-01-24,1292,148,45
2021-01-25,2443,155,49
2021-01-26,2032,169,50
2021-01-27,2018,169,45
2021-01-28,1753,154,36
2021-01-29,1653,145,50
2021-01-30,1273,155,39
2021-01-31,1099,141,56
2021-02-01,2010,107,39
2021-02-02,1639,171,36
2021-02-03,1589,171,46
2021-02-04,1513,139,50
2021-02-05,1357,156,46
2021-02-06,1011,139,41
2021-02-07,905,119,23
2021-02-08,1570,98,27
2021-02-09,1532,136,29
2021-02-10,1394,106,34
2021-02-11,1314,117,41
2021-02-12,1253,116,34
2021-02-13,881,95,29
2021-02-14,787,87,32
2021-02-15,1343,98,22
2021-02-16,1138,108,25
2021-02-17,1364,92,33
2021-02-18,1259,107,28
2021-02-19,1241,106,28
2021-02-20,980,114,19
2021-02-21,979,93,17
2021-02-22,1683,77,27
2021-02-23,1562,106,16
2021-02-24,1525,92,15
2021-02-25,1378,112,20
2021-02-26,1474,107,17
2021-02-27,1118,110,21
2021-02-28,1121,77,20
2021-03-01,2057,86,20
2021-03-02,1873,125,16
2021-03-03,1905,84,11
2021-03-04,1827,124,15
2021-03-05,1947,113,17
2021-03-06,1551,109,18
2021-03-07,1473,119,10
2021-03-08,2536,122,18
2021-03-09,2690,154,13
2021-03-10,2934,129,19
2021-03-11,2643,151,13
2021-03-12,2711,136,18
2021-03-13,2212,137,11
2021-03-14,2164,147,17
2021-03-15,3895,142,22
2021-03-16,3802,171,19
2021-03-17,3906,201,18
2021-03-18,3762,210,18
2021-03-19,3873,230,18
2021-03-20,3260,222,16
2021-03-21,3399,224,26
2021-03-22,5916,245,19
2021-03-23,5904,312,24
2021-03-24,6325,305,33
2021-03-25,6366,336,32
2021-03-26,6175,297,22
2021-03-27,4774,315,29
2021-03-28,4532,341,28
2021-03-29,8214,355,31
2021-03-30,7721,407,45
2021-03-31,7793,438,40
2021-04-01,7717,463,28
2021-04-02,7189,454,42
2021-04-03,5943,478,55
2021-04-04,5137,471,48
2021-04-05,9832,469,45
2021-04-06,9232,607,46
2021-04-07,9046,559,42
2021-04-08,8632,565,61
2021-04-09,8163,614,55
2021-04-10,5867,586,46
2021-04-11,5286,600,47
2021-04-12,9548,546,56
2021-04-13,8057,635,67
2021-04-14,7372,592,57
2021-04-15,6707,543,72
2021-04-16,6038,589,77
2021-04-17,4117,597,66
2021-04-18,3753,494,69
2021-04-19,6849,475,73
2021-04-20,5689,508,81
2021-04-21,5100,477,64
2021-04-22,4620,456,90
2021-04-23,4324,456,84
2021-04-24,3095,429,66
2021-04-25,2920,379,61
2021-04-26,5117,375,75
2021-04-27,4311,404,64
2021-04-28,4067,410,76
2021-04-29,3624,359,75
2021-04-30,3275,361,70
2021-05-01,2463,363,63
2021-05-02,2166,366,50
2021-05-03,3569,323,64
2021-05-04,2991,323,60
2021-05-05,2774,308,53
2021-05-06,2464,273,72
2021-05-07,2206,263,61
2021-05-08,1594,278,63
2021-05-09,1444,224,60
2021-05-10,2422,187,62
2021-05-11,1961,272,50
2021-05-12,1832,239,54
2021-05-13,1627,212,52
2021-05-14,1560,189,51
2021-05-15,1127,207,48
2021-05-16,942,185,48
2021-05-17,1661,139,42
2021-05-18,1335,207,46
2021-05-19,1225,161,42
2021-05-20,1109,160,42
2021-05-21,991,163,28
2021-05-22,718,166,35
2021-05-23,585,148,40
2021-05-24,1060,130,37
2021-05-25,740,146,30
2021-05-26,669,145,35
2021-05-27,580,126,18
2021-05-28,514,99,34
2021-05-29,366,105,25
2021-05-30,273,80,32
2021-05-31,259,73,25
2021-06-01,624,74,20
2021-06-02,427,74,30
2021-06-03,387,78,15
2021-06-04,392,80,39
2021-06-05,257,83,19
2021-06-06,209,71,27
2021-06-07,360,66,25
2021-06-08,314,65,18
2021-06-09,284,67,20
2021-06-10,227,63,11
2021-06-11,241,59,11
2021-06-12,180,52,21
2021-06-13,135,48,10
2021-06-14,241,41,13
2021-06-15,224,56,9
2021-06-16,193,35,12
2021-06-17,171,39,13
2021-06-18,189,29,21
2021-06-19,142,40,9
2021-06-20,97,42,11
2021-06-21,199,37,9
2021-06-22,162,38,10
2021-06-23,175,23,10
2021-06-24,148,26,9
2021-06-25,162,32,7
2021-06-26,119,35,5
2021-06-27,128,27,5
2021-06-28,243,27,6
2021-06-29,211,51,4
2021-06-30,231,35,5
2021-07-01,220,22,11
2021-07-02,226,29,8
2021-07-03,141,26,1
2021-07-04,142,32,3
2021-07-05,215,25,3
2021-07-06,322,29,3
2021-07-07,287,30,11
2021-07-08,276,20,5
2021-07-09,269,34,6
2021-07-10,192,32,4
2021-07-11,225,26,6
2021-07-12,386,23,5
2021-07-13,361,42,1
2021-07-14,352,29,5
2021-07-15,400,36,7
2021-07-16,428,39,1
2021-07-17,331,37,4
2021-07-18,334,46,4
2021-07-19,612,28,7
2021-07-20,586,35,4
2021-07-21,669,45,4
2021-07-22,687,38,5
2021-07-23,662,38,6
2021-07-24,574,38,6
2021-07-25,611,34,5
2021-07-26,919,49,6
2021-07-27,963,50,9
2021-07-28,1077,39,6
2021-07-29,1019,45,5
2021-07-30,1062,48,9
2021-07-31,821,40,4
2021-08-01,903,54,2
2021-08-02,1498,64,11
2021-08-03,1409,89,6
2021-08-04,1356,80,7
2021-08-05,1413,78,10
2021-08-06,1240,92,6
2021-08-07,1142,103,11
2021-08-08,1140,98,9
2021-08-09,1893,85,9
2021-08-10,1820,118,16
2021-08-11,1747,122,18
2021-08-12,1766,122,12
2021-08-13,1673,123,16
2021-08-14,1394,106,15
2021-08-15,1330,101,19
2021-08-16,2193,101,15
2021-08-17,1996,122,18
2021-08-18,2150,135,18
2021-08-19,2033,131,19
2021-08-20,1919,149,9
2021-08-21,1574,130,26
2021-08-22,1476,129,20
2021-08-23,2705,128,9
2021-08-24,2253,143,22
2021-08-25,2270,156,21
2021-08-26,2286,172,18
2021-08-27,2226,149,17
2021-08-28,1761,153,16
2021-08-29,1780,96,28
2021-08-30,2796,137,28
2021-08-31,2646,166,22
2021-09-01,2805,168,25
2021-09-02,2719,141,25
2021-09-03,2529,159,29
2021-09-04,2036,154,19
2021-09-05,1846,141,29
2021-09-06,1911,163,16
2021-09-07,3764,182,32
2021-09-08,3346,180,22
2021-09-09,3215,193,27
2021-09-10,3174,163,23
2021-09-11,2303,174,29
2021-09-12,2098,184,26
2021-09-13,3976,172,29
2021-09-14,3500,181,41
2021-09-15,3512,211,37
2021-09-16,3403,178,32
2021-09-17,3362,192,38
2021-09-18,2414,193,32
2021-09-19,2328,180,29
2021-09-20,4211,173,23
2021-09-21,3725,197,39
2021-09-22,3595,206,35
2021-09-23,3554,205,49
2021-09-24,3421,207,28
2021-09-25,2436,220,26
2021-09-26,2459,192,38
2021-09-27,4874,194,35
2021-09-28,4371,227,31
2021-09-29,4252,215,44
2021-09-30,4225,206,33
2021-10-01,4300,231,41
2021-10-02,2969,193,39
2021-10-03,2922,215,36
2021-10-04,5501,216,28
2021-10-05,4719,263,41
2021-10-06,4840,275,39
2021-10-07,4534,272,50
2021-10-08,4308,259,35
2021-10-09,3076,259,34
2021-10-10,3002,261,36
2021-10-11,5631,241,46
2021-10-12,4929,294,41
2021-10-13,4941,276,49
2021-10-14,4481,261,41
2021-10-15,4098,263,52
2021-10-16,2644,227,48
2021-10-17,2556,221,48
2021-10-18,4920,221,43
2021-10-19,4327,278,60
2021-10-20,4257,243,56
2021-10-21,3977,279,54
2021-10-22,3632,260,54
2021-10-23,2747,249,55
2021-10-24,2558,239,54
2021-10-25,5082,240,48
2021-10-26,4825,262,50
2021-10-27,4971,261,67
2021-10-28,4794,258,52
2021-10-29,4643,296,49
2021-10-30,3189,275,42
2021-10-31,3408,240,52
2021-11-01,6816,245,57
2021-11-02,6047,277,58
2021-11-03,6301,285,37
2021-11-04,6317,287,65
2021-11-05,6088,341,61
2021-11-06,4307,322,52
2021-11-07,4187,299,65
2021-11-08,8278,364,75
2021-11-09,8017,385,69
2021-11-10,7760,357,70
2021-11-11,7200,367,74
2021-11-12,7824,429,57
2021-11-13,4921,443,83
2021-11-14,4565,340,68
2021-11-15,9874,404,81
2021-11-16,8666,455,74
2021-11-17,9129,488,77
2021-11-18,8860,539,96
2021-11-19,7930,472,72
2021-11-20,5177,455,97
2021-11-21,4791,452,107
2021-11-22,9885,480,103
2021-11-23,8777,553,112
2021-11-24,8406,539,89
2021-11-25,2716,496,102
2021-11-26,6527,431,121
2021-11-27,5639,455,109
2021-11-28,5869,461,116
2021-11-29,12311,482,109
2021-11-30,10282,545,109
2021-12-01,10244,604,109
2021-12-02,8869,495,120
2021-12-03,7949,596,151
2021-12-04,5151,475,110
2021-12-05,4819,460,132
2021-12-06,9508,476,153
2021-12-07,7939,571,125
2021-12-08,7395,517,136
2021-12-09,6947,560,120
2021-12-10,6444,544,130
2021-12-11,4094,503,138
2021-12-12,4045,461,125
2021-12-13,7796,410,103
2021-12-14,6831,494,134
2021-12-15,6706,451,137
2021-12-16,6384,481,137
2021-12-17,6182,447,118
2021-12-18,4507,370,129
2021-12-19,4507,386,110
2021-12-20,9324,345,126
2021-12-21,9552,433,138
2021-12-22,11098,426,134
2021-12-23,10680,407,119
2021-12-24,6851,429,93
2021-12-25,4234,386,107
2021-12-26,9423,375,101
2021-12-27,18493,381,103
2021-12-28,19428,431,98
2021-12-29,19841,490,108
2021-12-30,18189,490,114
2021-12-31,11809,568,114
2022-01-01,8998,514,92
2022-01-02,14857,469,114
2022-01-03,32025,444,90
2022-01-04,30902,555,113
2022-01-05,28155,596,114
2022-01-06,24306,591,97
2022-01-07,23948,585,104
2022-01-08,14831,591,115
2022-01-09,12616,523,85
2022-01-10,27342,496,103
2022-01-11,24890,547,139
2022-01-12,24445,586,132
2022-01-13,22450,648,113
2022-01-14,19929,638,93
2022-01-15,11497,575,102
2022-01-16,9893,468,108
2022-01-17,19970,460,100
2022-01-18,21762,588,116
2022-01-19,18801,542,113
2022-01-20,16609,542,121
2022-01-21,13538,554,100
2022-01-22,7927,473,105
2022-01-23,6762,394,87
2022-01-24,14495,412,100
2022-01-25,12766,473,119
2022-01-26,11329,456,104
2022-01-27,9580,439,100
2022-01-28,8339,426,108
2022-01-29,4673,393,85
2022-01-30,4279,347,103
2022-01-31,9517,295,113
2022-02-01,7492,438,81
2022-02-02,4876,426,84
2022-02-03,4616,374,87
2022-02-04,4436,335,90
2022-02-05,2622,325,76
2022-02-06,2513,292,60
2022-02-07,5180,283,67
2022-02-08,4035,296,71
2022-02-09,3538,321,67
2022-02-10,3263,288,68
2022-02-11,2621,280,80
2022-02-12,1563,272,79
2022-02-13,1481,209,58
2022-02-14,2994,194,72
2022-02-15,2461,204,70
2022-02-16,2282,235,64
2022-02-17,1935,226,44
2022-02-18,1639,187,64
2022-02-19,1027,178,55
2022-02-20,993,155,45
2022-02-21,1730,150,55
2022-02-22,1495,182,47
2022-02-23,1410,177,51
2022-02-24,1266,126,41
2022-02-25,1101,138,35
2022-02-26,655,126,53
2022-02-27,594,107,26
2022-02-28,1233,86,28
2022-03-01,1091,122,40
2022-03-02,992,133,34
2022-03-03,947,164,24
2022-03-04,895,151,31
2022-03-05,636,119,30
2022-03-06,566,109,25
2022-03-07,1002,96,20
2022-03-08,889,152,30
2022-03-09,831,94,19
2022-03-10,804,91,24
2022-03-11,735,78,29
2022-03-12,501,86,26
2022-03-13,531,55,14
2022-03-14,939,61,23
2022-03-15,918,71,18
2022-03-16,852,82,23
2022-03-17,844,74,30
2022-03-18,832,67,19
2022-03-19,566,69,19
2022-03-20,557,60,13
2022-03-21,1035,57,16
2022-03-22,960,71,14
2022-03-23,888,62,10
2022-03-24,766,71,15
2022-03-25,825,61,15
2022-03-26,544,68,12
2022-03-27,562,48,11
2022-03-28,970,49,13
2022-03-29,926,50,13
2022-03-30,885,52,9
2022-03-31,898,63,10
2022-04-01,928,58,10
2022-04-02,672,63,16
2022-04-03,707,60,15
2022-04-04,1245,47,7
2022-04-05,1250,57,11
2022-04-06,1191,64,8
2022-04-07,1121,67,15
2022-04-08,1066,56,11
2022-04-09,910,65,10
2022-04-10,911,68,10
2022-04-11,1671,55,8
2022-04-12,1705,66,4
2022-04-13,1680,65,14
2022-04-14,1575,71,6
2022-04-15,1505,84,13
2022-04-16,1123,81,14
2022-04-17,1097,60,7
2022-04-18,2235,77,8
2022-04-19,2101,64,8
2022-04-20,2150,84,11
2022-04-21,2121,73,11
2022-04-22,2135,89,14
2022-04-23,1713,92,9
2022-04-24,1758,81,13
2022-04-25,3345,104,7
2022-04-26,2835,99,6
2022-04-27,2822,105,7
2022-04-28,2689,122,10
2022-04-29,2736,120,9
2022-04-30,2253,118,17
2022-05-01,2664,111,17
2022-05-02,4327,111,15
2022-05-03,4073,136,17
2022-05-04,3921,128,9
2022-05-05,4034,95,16
2022-05-06,3785,136,21
2022-05-07,2997,137,11
2022-05-08,3074,122,14
2022-05-09,5618,117,18
2022-05-10,5000,178,18
2022-05-11,4975,125,17
2022-05-12,4539,152,14
2022-05-13,4284,201,18
2022-05-14,3003,141,24
2022-05-15,3002,126,22
2022-05-16,5273,134,17
2022-05-17,4674,160,11
2022-05-18,4150,182,15
2022-05-19,3858,160,22
2022-05-20,3382,148,19
2022-05-21,2552,178,17
2022-05-22,2374,146,13
2022-05-23,4421,123,23
2022-05-24,3657,139,23
2022-05-25,3513,159,17
2022-05-26,3341,135,23
2022-05-27,3019,158,19
2022-05-28,1956,170,17
2022-05-29,1832,130,15
2022-05-30,1898,117,17
2022-05-31,3979,143,23
2022-06-01,3394,162,16
2022-06-02,2857,147,21
2022-06-03,2459,119,15
2022-06-04,1730,124,16
2022-06-05,1643,97,23
2022-06-06,2986,100,16
2022-06-07,2653,113,17
2022-06-08,2485,139,19
2022-06-09,2232,129,28
2022-06-10,2033,134,18
2022-06-11,1457,126,15
2022-06-12,1515,110,30
2022-06-13,2729,107,12
2022-06-14,2381,123,28
2022-06-15,2164,128,12
2022-06-16,2016,130,15
2022-06-17,1872,124,17
2022-06-18,1312,114,14
2022-06-19,1368,80,15
2022-06-20,2419,92,16
2022-06-21,2226,86,16
2022-06-22,2222,107,19
2022-06-23,2115,118,20
2022-06-24,1965,110,17
2022-06-25,1412,115,22
2022-06-26,1422,97,14
2022-06-27,2525,91,10
2022-06-28,2277,105,19
2022-06-29,2274,88,10
2022-06-30,2150,98,13
2022-07-01,2007,116,18
2022-07-02,1409,120,19
2022-07-03,1509,106,17
2022-07-04,1408,97,25
2022-07-05,3058,96,19
2022-07-06,2710,112,18
2022-07-07,2447,118,11
2022-07-08,2406,111,16
2022-07-09,1651,138,23
2022-07-10,1748,82,12
2022-07-11,2990,114,14
2022-07-12,2691,103,21
2022-07-13,2670,117,20
2022-07-14,2528,132,18
2022-07-15,2393,118,16
2022-07-16,1813,133,20
2022-07-17,1978,108,15
2022-07-18,3422,114,10
2022-07-19,3157,129,16
2022-07-20,3119,122,8
2022-07-21,2765,141,12
2022-07-22,2805,133,15
2022-07-23,1984,142,13
2022-07-24,2083,122,13
2022-07-25,3551,114,19
2022-07-26,3277,135,16
2022-07-27,3237,130,17
2022-07-28,3042,137,11
2022-07-29,2918,168,15
2022-07-30,2094,160,13
2022-07-31,2246,131,18
2022-08-01,4126,134,21
2022-08-02,3426,153,18
2022-08-03,3228,169,16
2022-08-04,2856,182,24
2022-08-05,2870,182,14
2022-08-06,2231,158,19
2022-08-07,2180,139,16
2022-08-08,3879,137,20
2022-08-09,3567,179,22
2022-08-10,3474,177,21
2022-08-11,3040,177,15
2022-08-12,2698,171,21
2022-08-13,1830,152,20
2022-08-14,1988,124,18
2022-08-15,3566,148,16
2022-08-16,3501,188,20
2022-08-17,3262,175,18
2022-08-18,2987,155,25
2022-08-19,2716,168,18
2022-08-20,1931,164,24
2022-08-21,2053,157,26
2022-08-22,3639,139,15
2022-08-23,3132,168,14
2022-08-24,3156,175,16
2022-08-25,2756,160,20
2022-08-26,2506,153,19
2022-08-27,1756,161,24
2022-08-28,2026,138,18
2022-08-29,3505,132,22
2022-08-30,3085,156,25
2022-08-31,3051,170,28
2022-09-01,2750,199,17
2022-09-02,2445,176,22
2022-09-03,1697,158,20
2022-09-04,1824,154,18
2022-09-05,1858,115,22
2022-09-06,3660,139,27
2022-09-07,3040,175,18
2022-09-08,2744,171,20
2022-09-09,2536,161,19
2022-09-10,1812,160,22
2022-09-11,1833,143,27
2022-09-12,3302,129,20
2022-09-13,2782,132,15
2022-09-14,2717,172,20
2022-09-15,2655,162,21
2022-09-16,2488,142,27
2022-09-17,1740,166,21
2022-09-18,1769,160,20
2022-09-19,3366,155,25
2022-09-20,2636,165,27
2022-09-21,2416,154,33
2022-09-22,2090,160,15
2022-09-23,1813,155,21
2022-09-24,1295,131,18
2022-09-25,1332,118,15
2022-09-26,2550,107,31
2022-09-27,2260,163,26
2022-09-28,2125,155,23
2022-09-29,2078,164,25
2022-09-30,1860,144,24
2022-10-01,1438,131,28
2022-10-02,1335,155,22
2022-10-03,2387,140,26
2022-10-04,2085,145,17
2022-10-05,2057,160,27
2022-10-06,2009,162,19
2022-10-07,1751,147,26
2022-10-08,1225,137,18
2022-10-09,1391,116,24
2022-10-10,2420,140,34
2022-10-11,2030,142,25
2022-10-12,2072,139,25
2022-10-13,1862,180,16
2022-10-14,1653,153,15
2022-10-15,1203,127,22
2022-10-16,1236,115,21
2022-10-17,2271,126,29
2022-10-18,1894,168,28
2022-10-19,1850,137,22
2022-10-20,1851,159,21
2022-10-21,1750,144,41
2022-10-22,1408,171,21
2022-10-23,1334,143,27
2022-10-24,2429,122,26
2022-10-25,1996,171,34
2022-10-26,1769,170,28
2022-10-27,1673,152,31
2022-10-28,1412,158,23
2022-10-29,1000,146,22
2022-10-30,1134,149,31
2022-10-31,1959,141,25
2022-11-01,1878,140,24
2022-11-02,1780,147,29
2022-11-03,1700,169,33
2022-11-04,1422,144,30
2022-11-05,1003,126,22
2022-11-06,945,128,32
2022-11-07,1717,120,24
2022-11-08,1392,115,23
2022-11-09,1322,132,30
2022-11-10,1207,105,27
2022-11-11,1188,129,38
2022-11-12,911,148,23
2022-11-13,825,102,25
2022-11-14,1615,103,29
2022-11-15,1391,127,24
2022-11-16,1367,156,26
2022-11-17,1217,125,32
2022-11-18,1152,110,27
2022-11-19,858,95,23
2022-11-20,925,94,14
2022-11-21,1666,84,33
2022-11-22,1566,134,25
2022-11-23,1301,140,29
2022-11-24,735,115,20
2022-11-25,1348,109,34
2022-11-26,1194,128,27
2022-11-27,1459,101,22
2022-11-28,2428,96,24
2022-11-29,2055,132,22
2022-11-30,1833,149,12
2022-12-01,1747,119,24
2022-12-02,1634,132,20
2022-12-03,1179,137,18
2022-12-04,1299,119,23
2022-12-05,2100,107,25
2022-12-06,2062,170,25
2022-12-07,2049,166,23
2022-12-08,1904,152,19
2022-12-09,1867,137,26
2022-12-10,1396,135,24
2022-12-11,1469,121,21
2022-12-12,2609,137,32
2022-12-13,2351,167,21
2022-12-14,2161,170,19
2022-12-15,2087,182,19
2022-12-16,2048,201,19
2022-12-17,1351,184,30
2022-12-18,1337,146,29
2022-12-19,2517,143,33
2022-12-20,2168,162,32
2022-12-21,2082,189,23
2022-12-22,1926,160,25
2022-12-23,1100,173,29
2022-12-24,1012,139,16
2022-12-25,765,152,28
2022-12-26,1555,120,25
2022-12-27,2025,169,35
2022-12-28,1832,162,22
2022-12-29,1633,166,35
2022-12-30,1478,186,33
